vasilis,vas,Kostadinos,Gianou,vasilis@teithe.gr,Undergraduate
alex,ale,Alexandros,Patatoulas,Alex@teithe.gr,Undergraduate
jim,jim,Dimitris,Vlaxos,jim@teithe.gr,Undergraduate
gianos,gia,Giannis,Georgiou,gianos@teithe.gr,Secretary
andreas,and,Andreas,Galanelis,andreas@teithe.gr,Professor
dimitra,dim,Dimitra,Gazoula,dimitra@teithe.gr,Professor
gioklou,gio,Giannis,Gioklou,gioklou@teithe.gr,Professor